model,artifact,dataset,variable,metric,depth_m,value
CCM,model_epoch_996.pth,held_out,temperature,R2,10,0.9349160818930146
CCM,model_epoch_996.pth,held_out,temperature,R2,20,0.8544086906564823
CCM,model_epoch_996.pth,held_out,temperature,R2,30,0.8226159885623292
CCM,model_epoch_996.pth,held_out,temperature,R2,50,0.7928473644412933
CCM,model_epoch_996.pth,held_out,temperature,R2,75,0.8009802263891198
CCM,model_epoch_996.pth,held_out,temperature,R2,100,0.7777682102666752
CCM,model_epoch_996.pth,held_out,temperature,R2,125,0.7479168557318873
CCM,model_epoch_996.pth,held_out,temperature,R2,150,0.7274317773977079
CCM,model_epoch_996.pth,held_out,temperature,R2,200,0.6634934312163503
CCM,model_epoch_996.pth,held_out,temperature,R2,250,0.5931213830504052
CCM,model_epoch_996.pth,held_out,temperature,R2,300,0.5555941374429034
CCM,model_epoch_996.pth,held_out,temperature,R2,400,0.47359682160265404
CCM,model_epoch_996.pth,held_out,temperature,R2,500,0.4705064035002048
CCM,model_epoch_996.pth,held_out,temperature,RMSE,10,1.1625655552249796
CCM,model_epoch_996.pth,held_out,temperature,RMSE,20,1.5274780957910858
CCM,model_epoch_996.pth,held_out,temperature,RMSE,30,1.6296973204220533
CCM,model_epoch_996.pth,held_out,temperature,RMSE,50,1.896755932970664
CCM,model_epoch_996.pth,held_out,temperature,RMSE,75,2.0280963469769744
CCM,model_epoch_996.pth,held_out,temperature,RMSE,100,2.15020029315171
CCM,model_epoch_996.pth,held_out,temperature,RMSE,125,2.044685124151204
CCM,model_epoch_996.pth,held_out,temperature,RMSE,150,1.6137051080455167
CCM,model_epoch_996.pth,held_out,temperature,RMSE,200,0.9729486876823935
CCM,model_epoch_996.pth,held_out,temperature,RMSE,250,0.4437653891778616
CCM,model_epoch_996.pth,held_out,temperature,RMSE,300,0.1895209481865769
CCM,model_epoch_996.pth,held_out,temperature,RMSE,400,0.09273847371463162
CCM,model_epoch_996.pth,held_out,temperature,RMSE,500,0.07906696887342304
CCM,model_epoch_996.pth,held_out,temperature,MAE,10,0.748902638140996
CCM,model_epoch_996.pth,held_out,temperature,MAE,20,1.0491127873095414
CCM,model_epoch_996.pth,held_out,temperature,MAE,30,1.152000649818634
CCM,model_epoch_996.pth,held_out,temperature,MAE,50,1.3885175886535643
CCM,model_epoch_996.pth,held_out,temperature,MAE,75,1.503402033904465
CCM,model_epoch_996.pth,held_out,temperature,MAE,100,1.6024017311114487
CCM,model_epoch_996.pth,held_out,temperature,MAE,125,1.505954109552579
CCM,model_epoch_996.pth,held_out,temperature,MAE,150,1.1516422896017384
CCM,model_epoch_996.pth,held_out,temperature,MAE,200,0.6138657521955746
CCM,model_epoch_996.pth,held_out,temperature,MAE,250,0.2729297011818628
CCM,model_epoch_996.pth,held_out,temperature,MAE,300,0.1264335715861413
CCM,model_epoch_996.pth,held_out,temperature,MAE,400,0.07222546532516082
CCM,model_epoch_996.pth,held_out,temperature,MAE,500,0.062137009613989935
CCM,model_epoch_996.pth,held_out,temperature,NRMSE,10,4.926125234004151
CCM,model_epoch_996.pth,held_out,temperature,NRMSE,20,7.1712586656858495
CCM,model_epoch_996.pth,held_out,temperature,NRMSE,30,7.9111520408837555
CCM,model_epoch_996.pth,held_out,temperature,NRMSE,50,9.032171109384114
CCM,model_epoch_996.pth,held_out,temperature,NRMSE,75,10.090031576999873
CCM,model_epoch_996.pth,held_out,temperature,NRMSE,100,12.217047120180169
CCM,model_epoch_996.pth,held_out,temperature,NRMSE,125,12.39203105546184
CCM,model_epoch_996.pth,held_out,temperature,NRMSE,150,12.6070711566056
CCM,model_epoch_996.pth,held_out,temperature,NRMSE,200,11.865227898565776
CCM,model_epoch_996.pth,held_out,temperature,NRMSE,250,8.372931871280407
CCM,model_epoch_996.pth,held_out,temperature,NRMSE,300,7.580837927463076
CCM,model_epoch_996.pth,held_out,temperature,NRMSE,400,13.248353387804517
CCM,model_epoch_996.pth,held_out,temperature,NRMSE,500,15.81339377468461
CCM,model_epoch_996.pth,held_out,salinity,R2,10,0.9119018472927617
CCM,model_epoch_996.pth,held_out,salinity,R2,20,0.815865849745947
CCM,model_epoch_996.pth,held_out,salinity,R2,30,0.7283743063011905
CCM,model_epoch_996.pth,held_out,salinity,R2,50,0.6091000728548965
CCM,model_epoch_996.pth,held_out,salinity,R2,75,0.6101967546664426
CCM,model_epoch_996.pth,held_out,salinity,R2,100,0.5805993041561222
CCM,model_epoch_996.pth,held_out,salinity,R2,125,0.5666317040604656
CCM,model_epoch_996.pth,held_out,salinity,R2,150,0.5182770322195336
CCM,model_epoch_996.pth,held_out,salinity,R2,200,0.23519272106790556
CCM,model_epoch_996.pth,held_out,salinity,R2,250,0.2625432030454292
CCM,model_epoch_996.pth,held_out,salinity,R2,300,0.3038116560131867
CCM,model_epoch_996.pth,held_out,salinity,R2,400,0.24033540848353674
CCM,model_epoch_996.pth,held_out,salinity,R2,500,0.22907902688752702
CCM,model_epoch_996.pth,held_out,salinity,RMSE,10,0.1668705680788256
CCM,model_epoch_996.pth,held_out,salinity,RMSE,20,0.18814095515504947
CCM,model_epoch_996.pth,held_out,salinity,RMSE,30,0.17313356498066013
CCM,model_epoch_996.pth,held_out,salinity,RMSE,50,0.12886886141407405
CCM,model_epoch_996.pth,held_out,salinity,RMSE,75,0.1072293298985222
CCM,model_epoch_996.pth,held_out,salinity,RMSE,100,0.1022569679130411
CCM,model_epoch_996.pth,held_out,salinity,RMSE,125,0.08505481706825874
CCM,model_epoch_996.pth,held_out,salinity,RMSE,150,0.0612856147285837
CCM,model_epoch_996.pth,held_out,salinity,RMSE,200,0.03449903206726156
CCM,model_epoch_996.pth,held_out,salinity,RMSE,250,0.021015526491047647
CCM,model_epoch_996.pth,held_out,salinity,RMSE,300,0.01646065807080322
CCM,model_epoch_996.pth,held_out,salinity,RMSE,400,0.013940485765782724
CCM,model_epoch_996.pth,held_out,salinity,RMSE,500,0.014211393906336701
CCM,model_epoch_996.pth,held_out,salinity,MAE,10,0.10547228799630383
CCM,model_epoch_996.pth,held_out,salinity,MAE,20,0.11983185356368518
CCM,model_epoch_996.pth,held_out,salinity,MAE,30,0.11801300297824172
CCM,model_epoch_996.pth,held_out,salinity,MAE,50,0.09524224130087713
CCM,model_epoch_996.pth,held_out,salinity,MAE,75,0.08208754442356252
CCM,model_epoch_996.pth,held_out,salinity,MAE,100,0.07538276254879878
CCM,model_epoch_996.pth,held_out,salinity,MAE,125,0.0610447785972248
CCM,model_epoch_996.pth,held_out,salinity,MAE,150,0.044816882737016936
CCM,model_epoch_996.pth,held_out,salinity,MAE,200,0.02504948802539748
CCM,model_epoch_996.pth,held_out,salinity,MAE,250,0.01618810847277596
CCM,model_epoch_996.pth,held_out,salinity,MAE,300,0.012846740722655922
CCM,model_epoch_996.pth,held_out,salinity,MAE,400,0.011136533800649969
CCM,model_epoch_996.pth,held_out,salinity,MAE,500,0.010948020271633541
CCM,model_epoch_996.pth,held_out,salinity,NRMSE,10,6.297002569012291
CCM,model_epoch_996.pth,held_out,salinity,NRMSE,20,7.74242613806788
CCM,model_epoch_996.pth,held_out,salinity,NRMSE,30,9.726604774194383
CCM,model_epoch_996.pth,held_out,salinity,NRMSE,50,10.739071784506208
CCM,model_epoch_996.pth,held_out,salinity,NRMSE,75,11.783442845991402
CCM,model_epoch_996.pth,held_out,salinity,NRMSE,100,12.624317026301334
CCM,model_epoch_996.pth,held_out,salinity,NRMSE,125,12.32678508235638
CCM,model_epoch_996.pth,held_out,salinity,NRMSE,150,11.563323533695014
CCM,model_epoch_996.pth,held_out,salinity,NRMSE,200,11.128720021697196
CCM,model_epoch_996.pth,held_out,salinity,NRMSE,250,11.060803416340999
CCM,model_epoch_996.pth,held_out,salinity,NRMSE,300,9.144810039335137
CCM,model_epoch_996.pth,held_out,salinity,NRMSE,400,15.489428628646884
CCM,model_epoch_996.pth,held_out,salinity,NRMSE,500,12.919449005760706
CCM,model_epoch_996.pth,independent,temperature,R2,10,0.8476438234354899
CCM,model_epoch_996.pth,independent,temperature,R2,20,0.7451649358183708
CCM,model_epoch_996.pth,independent,temperature,R2,30,0.6720011805162565
CCM,model_epoch_996.pth,independent,temperature,R2,50,0.5045228443602098
CCM,model_epoch_996.pth,independent,temperature,R2,75,0.47421130140805523
CCM,model_epoch_996.pth,independent,temperature,R2,100,0.388229032727027
CCM,model_epoch_996.pth,independent,temperature,R2,125,0.40168992864773057
CCM,model_epoch_996.pth,independent,temperature,R2,150,0.31181585893309305
CCM,model_epoch_996.pth,independent,temperature,R2,200,0.2517299663371261
CCM,model_epoch_996.pth,independent,temperature,R2,250,0.21807956630378356
CCM,model_epoch_996.pth,independent,temperature,R2,300,0.2332699853496425
CCM,model_epoch_996.pth,independent,temperature,R2,400,0.2017098549880263
CCM,model_epoch_996.pth,independent,temperature,R2,500,0.07364825960005739
CCM,model_epoch_996.pth,independent,temperature,RMSE,10,2.0897379146198096
CCM,model_epoch_996.pth,independent,temperature,RMSE,20,2.3724802446013946
CCM,model_epoch_996.pth,independent,temperature,RMSE,30,2.2937213125776488
CCM,model_epoch_996.pth,independent,temperature,RMSE,50,2.5918666060891202
CCM,model_epoch_996.pth,independent,temperature,RMSE,75,2.727399704886317
CCM,model_epoch_996.pth,independent,temperature,RMSE,100,2.912980637589521
CCM,model_epoch_996.pth,independent,temperature,RMSE,125,2.6612850115650972
CCM,model_epoch_996.pth,independent,temperature,RMSE,150,2.336044417245691
CCM,model_epoch_996.pth,independent,temperature,RMSE,200,1.360570089889328
CCM,model_epoch_996.pth,independent,temperature,RMSE,250,0.5621621078627412
CCM,model_epoch_996.pth,independent,temperature,RMSE,300,0.23206092308567927
CCM,model_epoch_996.pth,independent,temperature,RMSE,400,0.09851360256874434
CCM,model_epoch_996.pth,independent,temperature,RMSE,500,0.0814782681527242
CCM,model_epoch_996.pth,independent,temperature,MAE,10,1.6032632902971777
CCM,model_epoch_996.pth,independent,temperature,MAE,20,1.7944780657668906
CCM,model_epoch_996.pth,independent,temperature,MAE,30,1.723731776953591
CCM,model_epoch_996.pth,independent,temperature,MAE,50,1.9573918672736932
CCM,model_epoch_996.pth,independent,temperature,MAE,75,2.0933844627236957
CCM,model_epoch_996.pth,independent,temperature,MAE,100,2.2657622473263235
CCM,model_epoch_996.pth,independent,temperature,MAE,125,2.0865382462355786
CCM,model_epoch_996.pth,independent,temperature,MAE,150,1.7567243410051567
CCM,model_epoch_996.pth,independent,temperature,MAE,200,0.8869552685701226
CCM,model_epoch_996.pth,independent,temperature,MAE,250,0.33843330559371565
CCM,model_epoch_996.pth,independent,temperature,MAE,300,0.15001297742247183
CCM,model_epoch_996.pth,independent,temperature,MAE,400,0.07483104675482019
CCM,model_epoch_996.pth,independent,temperature,MAE,500,0.06381316639219449
CCM,model_epoch_996.pth,independent,temperature,NRMSE,10,8.293598410521483
CCM,model_epoch_996.pth,independent,temperature,NRMSE,20,9.80809564374156
CCM,model_epoch_996.pth,independent,temperature,NRMSE,30,10.515868828015485
CCM,model_epoch_996.pth,independent,temperature,NRMSE,50,12.719569540064047
CCM,model_epoch_996.pth,independent,temperature,NRMSE,75,14.642970568257546
CCM,model_epoch_996.pth,independent,temperature,NRMSE,100,16.813741239014067
CCM,model_epoch_996.pth,independent,temperature,NRMSE,125,16.98006193056684
CCM,model_epoch_996.pth,independent,temperature,NRMSE,150,18.428876494698986
CCM,model_epoch_996.pth,independent,temperature,NRMSE,200,15.894510834180378
CCM,model_epoch_996.pth,independent,temperature,NRMSE,250,11.216323461230582
CCM,model_epoch_996.pth,independent,temperature,NRMSE,300,8.83368547629817
CCM,model_epoch_996.pth,independent,temperature,NRMSE,400,10.219252888175562
CCM,model_epoch_996.pth,independent,temperature,NRMSE,500,14.628055812038138
CCM,model_epoch_996.pth,independent,salinity,R2,10,0.19481871571966602
CCM,model_epoch_996.pth,independent,salinity,R2,20,0.4680000403959932
CCM,model_epoch_996.pth,independent,salinity,R2,30,0.5154916314143889
CCM,model_epoch_996.pth,independent,salinity,R2,50,0.4434303689650205
CCM,model_epoch_996.pth,independent,salinity,R2,75,0.354281840711548
CCM,model_epoch_996.pth,independent,salinity,R2,100,0.3336803412316641
CCM,model_epoch_996.pth,independent,salinity,R2,125,0.287357469672166
CCM,model_epoch_996.pth,independent,salinity,R2,150,0.17251823673344924
CCM,model_epoch_996.pth,independent,salinity,R2,200,-0.16021207055915077
CCM,model_epoch_996.pth,independent,salinity,R2,250,-0.1256878938031032
CCM,model_epoch_996.pth,independent,salinity,R2,300,-0.6278319708043978
CCM,model_epoch_996.pth,independent,salinity,R2,400,-3.965212740981168
CCM,model_epoch_996.pth,independent,salinity,R2,500,-11.187382653796883
CCM,model_epoch_996.pth,independent,salinity,RMSE,10,0.3837850427866855
CCM,model_epoch_996.pth,independent,salinity,RMSE,20,0.2672193880888567
CCM,model_epoch_996.pth,independent,salinity,RMSE,30,0.20533942909653527
CCM,model_epoch_996.pth,independent,salinity,RMSE,50,0.15064543395755312
CCM,model_epoch_996.pth,independent,salinity,RMSE,75,0.13156067557735293
CCM,model_epoch_996.pth,independent,salinity,RMSE,100,0.11381488760404933
CCM,model_epoch_996.pth,independent,salinity,RMSE,125,0.09774762787082628
CCM,model_epoch_996.pth,independent,salinity,RMSE,150,0.07171370071173322
CCM,model_epoch_996.pth,independent,salinity,RMSE,200,0.036993471405720894
CCM,model_epoch_996.pth,independent,salinity,RMSE,250,0.022778876772582755
CCM,model_epoch_996.pth,independent,salinity,RMSE,300,0.02027967749778584
CCM,model_epoch_996.pth,independent,salinity,RMSE,400,0.018766195015595368
CCM,model_epoch_996.pth,independent,salinity,RMSE,500,0.018041019090948143
CCM,model_epoch_996.pth,independent,salinity,MAE,10,0.25707150462479095
CCM,model_epoch_996.pth,independent,salinity,MAE,20,0.19059767813052772
CCM,model_epoch_996.pth,independent,salinity,MAE,30,0.15292154863984933
CCM,model_epoch_996.pth,independent,salinity,MAE,50,0.1165736997726783
CCM,model_epoch_996.pth,independent,salinity,MAE,75,0.10192263512370048
CCM,model_epoch_996.pth,independent,salinity,MAE,100,0.08665004292870783
CCM,model_epoch_996.pth,independent,salinity,MAE,125,0.07349392829042006
CCM,model_epoch_996.pth,independent,salinity,MAE,150,0.05154543901255027
CCM,model_epoch_996.pth,independent,salinity,MAE,200,0.027445162726698745
CCM,model_epoch_996.pth,independent,salinity,MAE,250,0.01774853421515794
CCM,model_epoch_996.pth,independent,salinity,MAE,300,0.016631232707031565
CCM,model_epoch_996.pth,independent,salinity,MAE,400,0.015599151660510362
CCM,model_epoch_996.pth,independent,salinity,MAE,500,0.015331782561792726
CCM,model_epoch_996.pth,independent,salinity,NRMSE,10,17.82682703612658
CCM,model_epoch_996.pth,independent,salinity,NRMSE,20,14.352352879828478
CCM,model_epoch_996.pth,independent,salinity,NRMSE,30,12.469768551372834
CCM,model_epoch_996.pth,independent,salinity,NRMSE,50,12.505833712618255
CCM,model_epoch_996.pth,independent,salinity,NRMSE,75,14.110824051090848
CCM,model_epoch_996.pth,independent,salinity,NRMSE,100,13.851130849973032
CCM,model_epoch_996.pth,independent,salinity,NRMSE,125,14.032679905241938
CCM,model_epoch_996.pth,independent,salinity,NRMSE,150,14.376962648651418
CCM,model_epoch_996.pth,independent,salinity,NRMSE,200,13.456576704938941
CCM,model_epoch_996.pth,independent,salinity,NRMSE,250,13.189640343409833
CCM,model_epoch_996.pth,independent,salinity,NRMSE,300,15.160110012203983
CCM,model_epoch_996.pth,independent,salinity,NRMSE,400,21.08544608532953
CCM,model_epoch_996.pth,independent,salinity,NRMSE,500,29.182678690469643
non-CCM,cnn_100_300_55.h5,held_out,temperature,R2,10,0.9578202610053301
non-CCM,cnn_100_300_55.h5,held_out,temperature,R2,20,0.9081280175602655
non-CCM,cnn_100_300_55.h5,held_out,temperature,R2,30,0.8782227286159701
non-CCM,cnn_100_300_55.h5,held_out,temperature,R2,50,0.8684411816217883
non-CCM,cnn_100_300_55.h5,held_out,temperature,R2,75,0.8798871304524699
non-CCM,cnn_100_300_55.h5,held_out,temperature,R2,100,0.8487832170020742
non-CCM,cnn_100_300_55.h5,held_out,temperature,R2,125,0.8367132878810994
non-CCM,cnn_100_300_55.h5,held_out,temperature,R2,150,0.8277606555180392
non-CCM,cnn_100_300_55.h5,held_out,temperature,R2,200,0.7894884354875693
non-CCM,cnn_100_300_55.h5,held_out,temperature,R2,250,0.7721111994474741
non-CCM,cnn_100_300_55.h5,held_out,temperature,R2,300,0.7171806747018136
non-CCM,cnn_100_300_55.h5,held_out,temperature,R2,400,0.5939211496630237
non-CCM,cnn_100_300_55.h5,held_out,temperature,R2,500,0.6471411384569195
non-CCM,cnn_100_300_55.h5,held_out,temperature,RMSE,10,0.9717240469433739
non-CCM,cnn_100_300_55.h5,held_out,temperature,RMSE,20,1.268039888289646
non-CCM,cnn_100_300_55.h5,held_out,temperature,RMSE,30,1.3898522231119297
non-CCM,cnn_100_300_55.h5,held_out,temperature,RMSE,50,1.54838039143575
non-CCM,cnn_100_300_55.h5,held_out,temperature,RMSE,75,1.5962338297077783
non-CCM,cnn_100_300_55.h5,held_out,temperature,RMSE,100,1.7745656548864546
non-CCM,cnn_100_300_55.h5,held_out,temperature,RMSE,125,1.634650211556981
non-CCM,cnn_100_300_55.h5,held_out,temperature,RMSE,150,1.2591214196893792
non-CCM,cnn_100_300_55.h5,held_out,temperature,RMSE,200,0.7182838557273633
non-CCM,cnn_100_300_55.h5,held_out,temperature,RMSE,250,0.31620023096220634
non-CCM,cnn_100_300_55.h5,held_out,temperature,RMSE,300,0.14503313163655185
non-CCM,cnn_100_300_55.h5,held_out,temperature,RMSE,400,0.08210340032828248
non-CCM,cnn_100_300_55.h5,held_out,temperature,RMSE,500,0.06334395780029718
non-CCM,cnn_100_300_55.h5,held_out,temperature,MAE,10,0.5828650803822081
non-CCM,cnn_100_300_55.h5,held_out,temperature,MAE,20,0.8289280981663852
non-CCM,cnn_100_300_55.h5,held_out,temperature,MAE,30,0.9474913506887872
non-CCM,cnn_100_300_55.h5,held_out,temperature,MAE,50,1.1173109415914577
non-CCM,cnn_100_300_55.h5,held_out,temperature,MAE,75,1.143886003421463
non-CCM,cnn_100_300_55.h5,held_out,temperature,MAE,100,1.2299403868021974
non-CCM,cnn_100_300_55.h5,held_out,temperature,MAE,125,1.1069297286125512
non-CCM,cnn_100_300_55.h5,held_out,temperature,MAE,150,0.8592201419148456
non-CCM,cnn_100_300_55.h5,held_out,temperature,MAE,200,0.442809383926363
non-CCM,cnn_100_300_55.h5,held_out,temperature,MAE,250,0.1952498844835762
non-CCM,cnn_100_300_55.h5,held_out,temperature,MAE,300,0.10253060400176091
non-CCM,cnn_100_300_55.h5,held_out,temperature,MAE,400,0.05864977908113116
non-CCM,cnn_100_300_55.h5,held_out,temperature,MAE,500,0.04651950623487748
non-CCM,cnn_100_300_55.h5,held_out,temperature,NRMSE,10,0.04188465719583508
non-CCM,cnn_100_300_55.h5,held_out,temperature,NRMSE,20,0.05763817674043845
non-CCM,cnn_100_300_55.h5,held_out,temperature,NRMSE,30,0.06949261115559649
non-CCM,cnn_100_300_55.h5,held_out,temperature,NRMSE,50,0.07303681091678066
non-CCM,cnn_100_300_55.h5,held_out,temperature,NRMSE,75,0.07863220835998908
non-CCM,cnn_100_300_55.h5,held_out,temperature,NRMSE,100,0.09913774608304217
non-CCM,cnn_100_300_55.h5,held_out,temperature,NRMSE,125,0.10216563822231131
non-CCM,cnn_100_300_55.h5,held_out,temperature,NRMSE,150,0.10236759509669749
non-CCM,cnn_100_300_55.h5,held_out,temperature,NRMSE,200,0.08450398302674862
non-CCM,cnn_100_300_55.h5,held_out,temperature,NRMSE,250,0.0645306593800421
non-CCM,cnn_100_300_55.h5,held_out,temperature,NRMSE,300,0.06305788332023993
non-CCM,cnn_100_300_55.h5,held_out,temperature,NRMSE,400,0.09122600036475831
non-CCM,cnn_100_300_55.h5,held_out,temperature,NRMSE,500,0.09049136828613884
non-CCM,cnn_100_300_55.h5,held_out,salinity,R2,10,0.9412289410500836
non-CCM,cnn_100_300_55.h5,held_out,salinity,R2,20,0.8659173538914557
non-CCM,cnn_100_300_55.h5,held_out,salinity,R2,30,0.7968014675026418
non-CCM,cnn_100_300_55.h5,held_out,salinity,R2,50,0.7504957578037551
non-CCM,cnn_100_300_55.h5,held_out,salinity,R2,75,0.7402989787367988
non-CCM,cnn_100_300_55.h5,held_out,salinity,R2,100,0.7262740658542499
non-CCM,cnn_100_300_55.h5,held_out,salinity,R2,125,0.7356246406125644
non-CCM,cnn_100_300_55.h5,held_out,salinity,R2,150,0.6866033258666706
non-CCM,cnn_100_300_55.h5,held_out,salinity,R2,200,0.5057427399225531
non-CCM,cnn_100_300_55.h5,held_out,salinity,R2,250,0.5730819856023435
non-CCM,cnn_100_300_55.h5,held_out,salinity,R2,300,0.6182871757524218
non-CCM,cnn_100_300_55.h5,held_out,salinity,R2,400,0.6127772183748277
non-CCM,cnn_100_300_55.h5,held_out,salinity,R2,500,0.6065887029652786
non-CCM,cnn_100_300_55.h5,held_out,salinity,RMSE,10,0.13571146896172168
non-CCM,cnn_100_300_55.h5,held_out,salinity,RMSE,20,0.16578901219328038
non-CCM,cnn_100_300_55.h5,held_out,salinity,RMSE,30,0.1507726818916073
non-CCM,cnn_100_300_55.h5,held_out,salinity,RMSE,50,0.10580713574179416
non-CCM,cnn_100_300_55.h5,held_out,salinity,RMSE,75,0.08859889488453936
non-CCM,cnn_100_300_55.h5,held_out,salinity,RMSE,100,0.08047782463440718
non-CCM,cnn_100_300_55.h5,held_out,salinity,RMSE,125,0.06621240273978168
non-CCM,cnn_100_300_55.h5,held_out,salinity,RMSE,150,0.04952799384180954
non-CCM,cnn_100_300_55.h5,held_out,salinity,RMSE,200,0.028053333985783933
non-CCM,cnn_100_300_55.h5,held_out,salinity,RMSE,250,0.01643643776160689
non-CCM,cnn_100_300_55.h5,held_out,salinity,RMSE,300,0.012541002184311402
non-CCM,cnn_100_300_55.h5,held_out,salinity,RMSE,400,0.01038824206618843
non-CCM,cnn_100_300_55.h5,held_out,salinity,RMSE,500,0.010333852260953694
non-CCM,cnn_100_300_55.h5,held_out,salinity,MAE,10,0.0796595985709037
non-CCM,cnn_100_300_55.h5,held_out,salinity,MAE,20,0.10062391664941556
non-CCM,cnn_100_300_55.h5,held_out,salinity,MAE,30,0.09725457071520624
non-CCM,cnn_100_300_55.h5,held_out,salinity,MAE,50,0.07690088206324083
non-CCM,cnn_100_300_55.h5,held_out,salinity,MAE,75,0.06477905560492916
non-CCM,cnn_100_300_55.h5,held_out,salinity,MAE,100,0.057942304144124455
non-CCM,cnn_100_300_55.h5,held_out,salinity,MAE,125,0.04787626478407123
non-CCM,cnn_100_300_55.h5,held_out,salinity,MAE,150,0.035037058856472125
non-CCM,cnn_100_300_55.h5,held_out,salinity,MAE,200,0.01893569728796926
non-CCM,cnn_100_300_55.h5,held_out,salinity,MAE,250,0.011700566329762355
non-CCM,cnn_100_300_55.h5,held_out,salinity,MAE,300,0.009031828907605212
non-CCM,cnn_100_300_55.h5,held_out,salinity,MAE,400,0.007202026339841826
non-CCM,cnn_100_300_55.h5,held_out,salinity,MAE,500,0.006874126546522941
non-CCM,cnn_100_300_55.h5,held_out,salinity,NRMSE,10,0.051211875079895
non-CCM,cnn_100_300_55.h5,held_out,salinity,NRMSE,20,0.06995316970180614
non-CCM,cnn_100_300_55.h5,held_out,salinity,NRMSE,30,0.0861558182237756
non-CCM,cnn_100_300_55.h5,held_out,salinity,NRMSE,50,0.0904334493519607
non-CCM,cnn_100_300_55.h5,held_out,salinity,NRMSE,75,0.09526762890810686
non-CCM,cnn_100_300_55.h5,held_out,salinity,NRMSE,100,0.09935533905482341
non-CCM,cnn_100_300_55.h5,held_out,salinity,NRMSE,125,0.09196167047191915
non-CCM,cnn_100_300_55.h5,held_out,salinity,NRMSE,150,0.09171850711446225
non-CCM,cnn_100_300_55.h5,held_out,salinity,NRMSE,200,0.05968794465060426
non-CCM,cnn_100_300_55.h5,held_out,salinity,NRMSE,250,0.09131354312003842
non-CCM,cnn_100_300_55.h5,held_out,salinity,NRMSE,300,0.06967223435728567
non-CCM,cnn_100_300_55.h5,held_out,salinity,NRMSE,400,0.12985302582735814
non-CCM,cnn_100_300_55.h5,held_out,salinity,NRMSE,500,0.11482058067725891
non-CCM,cnn_100_300_55.h5,independent,temperature,R2,10,0.6236346339568157
non-CCM,cnn_100_300_55.h5,independent,temperature,R2,20,0.508497137699655
non-CCM,cnn_100_300_55.h5,independent,temperature,R2,30,0.21920321559600853
non-CCM,cnn_100_300_55.h5,independent,temperature,R2,50,0.01921016581176993
non-CCM,cnn_100_300_55.h5,independent,temperature,R2,75,-0.09225570888272738
non-CCM,cnn_100_300_55.h5,independent,temperature,R2,100,0.06424875350268078
non-CCM,cnn_100_300_55.h5,independent,temperature,R2,125,0.10151382724083724
non-CCM,cnn_100_300_55.h5,independent,temperature,R2,150,0.1639506419041058
non-CCM,cnn_100_300_55.h5,independent,temperature,R2,200,0.10750067290586385
non-CCM,cnn_100_300_55.h5,independent,temperature,R2,250,0.039269568971827096
non-CCM,cnn_100_300_55.h5,independent,temperature,R2,300,0.04494825710970929
non-CCM,cnn_100_300_55.h5,independent,temperature,R2,400,-0.045651075998811574
non-CCM,cnn_100_300_55.h5,independent,temperature,R2,500,-0.1552313058862831
non-CCM,cnn_100_300_55.h5,independent,temperature,RMSE,10,3.240584949327716
non-CCM,cnn_100_300_55.h5,independent,temperature,RMSE,20,3.2761504731596904
non-CCM,cnn_100_300_55.h5,independent,temperature,RMSE,30,3.5840411239062453
non-CCM,cnn_100_300_55.h5,independent,temperature,RMSE,50,3.7925368276313067
non-CCM,cnn_100_300_55.h5,independent,temperature,RMSE,75,4.112288781029245
non-CCM,cnn_100_300_55.h5,independent,temperature,RMSE,100,3.7568749619145803
non-CCM,cnn_100_300_55.h5,independent,temperature,RMSE,125,3.3556141963747796
non-CCM,cnn_100_300_55.h5,independent,temperature,RMSE,150,2.6219523227120813
non-CCM,cnn_100_300_55.h5,independent,temperature,RMSE,200,1.494533579295694
non-CCM,cnn_100_300_55.h5,independent,temperature,RMSE,250,0.6349359964300387
non-CCM,cnn_100_300_55.h5,independent,temperature,RMSE,300,0.2589692749051711
non-CCM,cnn_100_300_55.h5,independent,temperature,RMSE,400,0.11341697264382357
non-CCM,cnn_100_300_55.h5,independent,temperature,RMSE,500,0.09134624746980713
non-CCM,cnn_100_300_55.h5,independent,temperature,MAE,10,2.1204638226928223
non-CCM,cnn_100_300_55.h5,independent,temperature,MAE,20,2.242058993908527
non-CCM,cnn_100_300_55.h5,independent,temperature,MAE,30,2.422132527971842
non-CCM,cnn_100_300_55.h5,independent,temperature,MAE,50,2.665665398133961
non-CCM,cnn_100_300_55.h5,independent,temperature,MAE,75,2.991305698865148
non-CCM,cnn_100_300_55.h5,independent,temperature,MAE,100,2.8463361002025596
non-CCM,cnn_100_300_55.h5,independent,temperature,MAE,125,2.4903755687950526
non-CCM,cnn_100_300_55.h5,independent,temperature,MAE,150,1.9016030984879415
non-CCM,cnn_100_300_55.h5,independent,temperature,MAE,200,0.9525480128473647
non-CCM,cnn_100_300_55.h5,independent,temperature,MAE,250,0.38002362182998994
non-CCM,cnn_100_300_55.h5,independent,temperature,MAE,300,0.1669121094021653
non-CCM,cnn_100_300_55.h5,independent,temperature,MAE,400,0.08730831777702637
non-CCM,cnn_100_300_55.h5,independent,temperature,MAE,500,0.07180385286896245
non-CCM,cnn_100_300_55.h5,independent,temperature,NRMSE,10,0.12860995628628297
non-CCM,cnn_100_300_55.h5,independent,temperature,NRMSE,20,0.13543968282626564
non-CCM,cnn_100_300_55.h5,independent,temperature,NRMSE,30,0.16403684426438084
non-CCM,cnn_100_300_55.h5,independent,temperature,NRMSE,50,0.18611851319423808
non-CCM,cnn_100_300_55.h5,independent,temperature,NRMSE,75,0.20984277468359977
non-CCM,cnn_100_300_55.h5,independent,temperature,NRMSE,100,0.21125027642150612
non-CCM,cnn_100_300_55.h5,independent,temperature,NRMSE,125,0.21243443417227123
non-CCM,cnn_100_300_55.h5,independent,temperature,NRMSE,150,0.20684382186200578
non-CCM,cnn_100_300_55.h5,independent,temperature,NRMSE,200,0.17459504912454796
non-CCM,cnn_100_300_55.h5,independent,temperature,NRMSE,250,0.1266831651143036
non-CCM,cnn_100_300_55.h5,independent,temperature,NRMSE,300,0.0985798510200984
non-CCM,cnn_100_300_55.h5,independent,temperature,NRMSE,400,0.1176524556037557
non-CCM,cnn_100_300_55.h5,independent,temperature,NRMSE,500,0.16370295294447296
non-CCM,cnn_100_300_55.h5,independent,salinity,R2,10,-0.18108000977731953
non-CCM,cnn_100_300_55.h5,independent,salinity,R2,20,0.2446351519025317
non-CCM,cnn_100_300_55.h5,independent,salinity,R2,30,0.23824226188751418
non-CCM,cnn_100_300_55.h5,independent,salinity,R2,50,0.08423071834749729
non-CCM,cnn_100_300_55.h5,independent,salinity,R2,75,-0.21131416672713343
non-CCM,cnn_100_300_55.h5,independent,salinity,R2,100,-0.12677457523949176
non-CCM,cnn_100_300_55.h5,independent,salinity,R2,125,-0.1244016418554903
non-CCM,cnn_100_300_55.h5,independent,salinity,R2,150,-0.10759833416303621
non-CCM,cnn_100_300_55.h5,independent,salinity,R2,200,-0.8554102024955221
non-CCM,cnn_100_300_55.h5,independent,salinity,R2,250,-0.6638869469249611
non-CCM,cnn_100_300_55.h5,independent,salinity,R2,300,-0.7827543820895027
non-CCM,cnn_100_300_55.h5,independent,salinity,R2,400,-4.726618775428137
non-CCM,cnn_100_300_55.h5,independent,salinity,R2,500,-14.040816799766988
non-CCM,cnn_100_300_55.h5,independent,salinity,RMSE,10,0.47056978814359496
non-CCM,cnn_100_300_55.h5,independent,salinity,RMSE,20,0.3197231068859419
non-CCM,cnn_100_300_55.h5,independent,salinity,RMSE,30,0.25957588566969164
non-CCM,cnn_100_300_55.h5,independent,salinity,RMSE,50,0.19602871471600825
non-CCM,cnn_100_300_55.h5,independent,salinity,RMSE,75,0.18425507532524188
non-CCM,cnn_100_300_55.h5,independent,salinity,RMSE,100,0.15217364646366835
non-CCM,cnn_100_300_55.h5,independent,salinity,RMSE,125,0.1254114745313485
non-CCM,cnn_100_300_55.h5,independent,salinity,RMSE,150,0.08442490094688472
non-CCM,cnn_100_300_55.h5,independent,salinity,RMSE,200,0.04691911095932197
non-CCM,cnn_100_300_55.h5,independent,salinity,RMSE,250,0.027835933938073404
non-CCM,cnn_100_300_55.h5,independent,salinity,RMSE,300,0.021157291192212078
non-CCM,cnn_100_300_55.h5,independent,salinity,RMSE,400,0.020205954388153695
non-CCM,cnn_100_300_55.h5,independent,salinity,RMSE,500,0.020305993025012035
non-CCM,cnn_100_300_55.h5,independent,salinity,MAE,10,0.3185035710618985
non-CCM,cnn_100_300_55.h5,independent,salinity,MAE,20,0.22322023109895686
non-CCM,cnn_100_300_55.h5,independent,salinity,MAE,30,0.19148378219784384
non-CCM,cnn_100_300_55.h5,independent,salinity,MAE,50,0.14693115139687504
non-CCM,cnn_100_300_55.h5,independent,salinity,MAE,75,0.13633550068141123
non-CCM,cnn_100_300_55.h5,independent,salinity,MAE,100,0.11366610134944359
non-CCM,cnn_100_300_55.h5,independent,salinity,MAE,125,0.09032762123858784
non-CCM,cnn_100_300_55.h5,independent,salinity,MAE,150,0.05992863344591717
non-CCM,cnn_100_300_55.h5,independent,salinity,MAE,200,0.03488601369872918
non-CCM,cnn_100_300_55.h5,independent,salinity,MAE,250,0.02158506136340559
non-CCM,cnn_100_300_55.h5,independent,salinity,MAE,300,0.016785435709846967
non-CCM,cnn_100_300_55.h5,independent,salinity,MAE,400,0.01591660869108466
non-CCM,cnn_100_300_55.h5,independent,salinity,MAE,500,0.0160015228681847
non-CCM,cnn_100_300_55.h5,independent,salinity,NRMSE,10,0.21465345330116684
non-CCM,cnn_100_300_55.h5,independent,salinity,NRMSE,20,0.17172327527133924
non-CCM,cnn_100_300_55.h5,independent,salinity,NRMSE,30,0.1576341782024214
non-CCM,cnn_100_300_55.h5,independent,salinity,NRMSE,50,0.1627332767236367
non-CCM,cnn_100_300_55.h5,independent,salinity,NRMSE,75,0.19762675564145138
non-CCM,cnn_100_300_55.h5,independent,salinity,NRMSE,100,0.185193442919221
non-CCM,cnn_100_300_55.h5,independent,salinity,NRMSE,125,0.1781406967192946
non-CCM,cnn_100_300_55.h5,independent,salinity,NRMSE,150,0.1692526860952902
non-CCM,cnn_100_300_55.h5,independent,salinity,NRMSE,200,0.17067082151528457
non-CCM,cnn_100_300_55.h5,independent,salinity,NRMSE,250,0.16117825340185793
non-CCM,cnn_100_300_55.h5,independent,salinity,NRMSE,300,0.15816171734939524
non-CCM,cnn_100_300_55.h5,independent,salinity,NRMSE,400,0.21698700205350713
non-CCM,cnn_100_300_55.h5,independent,salinity,NRMSE,500,0.2935583872248803
